Rosenburg--rosenberg
Squibb--squire
Galizien--galaxien
26jährigen--jährigen
5klassig--klassik
8tägigen--tätigen
8uhr--uhr
A-moll--moll
Aaß--daß
Abbildgn--abbild
Abh--ab
Absolvierung--absolvieren
Abstr--aber
Addressee--adresse
Aegyd--aeryn
Aenderung--änderung
Aeusserung--besserung
Aigen--augen
Akz--akt
Albergo--alberto
Alleinseins--alleinsein
Alpdruck--ausdruck
Anastrophe--katastrophe
Anbei--aber
Anna-Lise--annalise
Anny--anna
Anstoss--anstoß
Antheil--anteil
Antologie--astrologie
Antwerpens--antwerpen
Apr--air
Auen--augen
Auffasssung--auffassung
Aufl--auf
Ausnahmszustand--ausnahmezustand
Axur--azur
B1--b
BPhDI--phi
Bachschen--nachsehen
Bassia--basis
Batg1--bat
Batt--bett
Bedauren--bedaure
Beeth--beth
Belsazer--blazer
Bertl--bert
Besuchszeiten--besuchszeit
Betr--bett
Bevan--evan
Bevans--evans
Beynum--barnum
Bilderbücher--kinderbücher
Birger--bürger
Bln--bin
Boswell--powell
Bretzeln--brezeln
Brixen--brien
Brochure--broschüre
Brod--bord
Brotkarte--bordkarte
Brummbär--brummer
Brünn--brenn
Bt--t
Btt--bett
Buchdruck--nachdruck
Buchhandlungen--buchhandlung
Bulbüls--bulls
Bursar--burger
Bury--jury
Bädeckern--bedecken
Bärens--bären
Caffeehaus--kaffeehaus
Caker--baker
Cakes--takes
Calif--cali
Carnaps--carlas
Charlatan--scharlatan
Chocolade--chocolate
Chokolade--schokolade
Collegen--college
Comité--womit
Commentar--kommentar
Communion--kommunion
Compagnon--companion
Conditorei--konditorei
Conserven--konserven
Conspiration--inspiration
Continent--kontinent
Conversations--konversation
Conzert--konzert
Cornet--corner
Correspondenz--korrespondenz
Croix--craig
Cunard--conrad
Cw--c
Czar--zar
Dalago--drago
Dalagos--lagos
Dallagos--dallas
Dank’--danke
Dasy--das
Davos--davon
Dehmel--nehmen
Deinerseits--meinerseits
Demonst--dämons
Deneke--denke
Denekes--denke
Deutsch-Mark--deutschemark
Dictat--diktat
Dienstzweig--dienstzeit
Dilema--dilemma
Dirs--dir
Disciplin--disziplin
Docktor--doktor
Doppel-s--doppelt
Däubler--räuber
Eberhard--bernard
Edelmut--demut
Edward's--edwards
Ehrengabe--ehrengast
Eigenart--eigener
Einj--ein
Eire--eine
Eiskasten--eiskalten
Eislaufen--einlaufen
Elis’--elise
Elt--welt
Elternhauses--elternhaus
Embrio--embryo
Empfiel--empfiehlt
Erfurt--erfreut
Ergehn--ergehen
Erudition--tradition
Escapaden--eskapaden
Etzel--ethel
Exemplares--exemplare
Expr--expo
Eßwaren--waren
Fania--tania
Febr--fear
Feigl--feige
Feldheer--feldherr
Feldp--feld
Festschrift--zeitschrift
Fettkur--fetter
Feuerreiter--feuerleiter
Fhrch--durch
Fichteg--richtig
Fillunger--dillinger
Filu--film
Filu's--fluss
Fluth--fluch
Flüßigkeit--flüssigkeit
Fp--op
Fr's--frau
Fraun--frau
Freiw--frei
Fuchsel--fuchtel
Gaisirs--kaisers
Galden--walden
Galizien--galaxien
Gastmahl--festmahl
Gegebensein--gegebenen
Gegenwärtigsein--gegenwärtigen
Gelddingen--gelingen
Gellert--geleert
Genève--genie
Gesch--gesuch
Geschwefel--geschwafel
Geschäftsgeist--geschäftsreise
Geyer--geier
Gleichgewichtes--gleichgewicht
Glossop--gossip
Gmunden--gefunden
Gnigl--ging
Goulasch--gulasch
Gramophon--grammophon
Graz--grad
Gretls--gratis
Grety--grey
Groller--roller
Gruberls--gruber
Gruess--gross
Grundfrage--grundlage
Gruss--gross
Grusse--grosse
Grußen--großen
Gröger--größer
Gullivers--gulliver
Gutruf--notruf
Habsb--habs
Haecker--hacker
Hallwang--halblang
Halunk--halunke
Hannibals--hannibal
Hauptmanns--hauptmann
Hausherrn--hausherr
Havard--harvard
Hebbel--hebel
Hebel's--hebel
Heferln--heuern
Heldenmute--heldenmut
Helenes--helene
Henryk--henry
Herkners--harkness
Hermanns--hermann
Hernals--heraus
Hertha--bertha
Herzl--herz
Hietzing--hitzig
Hinscheiden--hinschmeißen
Hochreut--hochzeit
Hoek--hook
Hohenberg--rosenberg
Hotel-Zimmer--hotelzimmer
Hundedreck--händedruck
Hänsels--hänsel
Hôtels--hotels
Höhlmann--kuhlmann
Hölder--holder
IIIten--hinten
Ibsens--wissens
Ietzter--letzter
Infection--infektion
Ing--in
Ingerenz--inneren
Ingénieur--ingenieur
Innigst--innig
Intourist--tourist
Intrigue--intrige
Jahoda--rhoda
Jahrbücher--lehrbücher
Jampot--jackpot
Janko--junko
Jehovah--jehovas
Jehovahs--jehovas
Jena--jean
Jochen's--jochen
Jourdain--jordan
Jubeltag--jubelt
Jugoslavien--jugoslawien
Kaiserjäger--kammerjäger
Kalligr--gallier
Kameels--kameras
Kammerer--kümmere
Kanonenb--kanonen
Karajan--karawane
Karban--karan
Kata--kate
Katarh--kater
Kauders--anders
Kinderbücherei--kinderbücher
King's--kings
Kirchberg--kirchner
Kirchgang--durchgang
Klavieres--klavier
Knaur--nur
Kocherl--kochen
Kochi--koch
Koderl--oder
Koders--oder
Kohn--sohn
Komando--kommando
Komentar--kommentar
Komp--komm
Konegen--kriegen
Konflikteten--konflikten
Konzipist--konzipiert
Korrectur--korrektur
Kouvert--konzert
Kr--er
Krak--krank
Krakow--krake
Krautmann--kaufmann
Kuk--kuh
Kunstamt--konstant
Kunz--kurz
Kurtl--kurt
Külpe--küche
Lamberie--lambert
Landeck--landen
Landregen--landeten
Landsturm--sandsturm
Lans--lass
Latzke--letzte
Lautsch--autsch
Lebenshaltung--lebenserhaltung
Lecher--lecker
Lechner--rechner
Lechners--rechner
Lehrb--lehre
Lehrerei--lehrer
Leporel--lenore
Lesebuch--lehrbuch
Lesebücher--lehrbücher
Leteiners--lateiner
Lewes--lewis
Lhw--lhr
Liebeszeichen--lebenszeichen
Lilies--lilien
Lindner--kinder
Lixl's--lilys
Loewenstein--lowenstein
Lovrana--lorna
Ltnd--land
Ludw--lud
Luki--luke
Maasse--masse
Madras--madam
Maier--mauer
Malaka--alaska
Malting--martin
Manuscript--manuskript
Manuscripte--manuskripte
Manuskr--mauser
Mareile--marie
Mareiles--marines
Margarette--margarete
Mariam--maria
Mariamne--marianne
Marschik--marsch
Maschin--maschine
Mastkur--master
Matraze--matratze
Maxls--mails
Mayonaise--mayonnaise
Maßstabe--maßstab
Medik--media
Meistrik--meisterin
Menscheit--menschheit
Menschenmund--menschenhand
Mietamt--mitsamt
Militärdienstes--militärdienst
Minings--timings
Minning--manning
Misère--misere
Mittelschüler--mittelschule
Mitterbach--mitternacht
Mitwelt--mittel
Molè--moll
Mombert--moment
Moralprediger--moralpredigt
Mscrpt--script
Muth--mut
Mörike--mike
Mörikes--marines
Mühlau--schlau
Nachthemden--nachthemd
Nachwirkung--nachwirkungen
Nagy--navy
Natan--nathan
Neuzeit--derzeit
No1--no
Notify--notiz
Notitzen--notizen
Nro--pro
N°--na
Nächstens--nächsten
Oberl--ober
Oberleut--überlebt
Oberlicht--bericht
Oberring--oberin
Obj--ob
Observers--observiert
Oc--oh
Octav--ocean
Oeffentlichkeit--öffentlichkeit
Oesterr--gestern
Oesterreich--österreich
Oesterreichische--österreichische
Oesterreichischen--österreichischen
Okkup--akku
Okt--ok
Olso--also
Optime--time
Osterjause--osterhase
Ostwald--oswald
Otterth--otter
Ouverture--ouvertüre
Packete--packte
Palästina's--palästina
Parkgate--parkte
Patrick's--patricks
Pomona--mona
Postgate--postkarte
Postl--post
Prof--pro
Proffessor--professor
Prov--pro
Psychol--psycho
Quahl--qual
Quibbs--gibbs
Raach--rauch
Rassenproblem--riesenproblem
Raubbau--aufbau
Raubdruck--ausdruck
Raubthiere--raubtiere
Rebnis--ergebnis
Reclam--declan
Regmt--regt
Reichmann--eichmann
Reihn--rein
Reklam--reklame
Rendel--grendel
Rendels--endes
Reykavik--reykjavik
Rgt--rat
Rilke's--wilkes
Rilkes--wilkes
Rimmer--immer
Risico--risiko
Ritchies--ritchie
Rivoli--rizzoli
Rosenau--rosen
Ross's--ross
Russl--russe
Röck--rock
Rücksendung--rückmeldung
Sakramenter--sakrament
Salzer--walzer
Salzers--alters
Schabauer--schlauer
Scheinwerfern--scheinwerfer
Schleffer--schaeffer
Schlesien--schreien
Schliemann--schneemann
Schlittschuhläufer--schlittschuhlaufen
Schlögl--schlag
Schriftchen--schriften
Schularbeit--schularbeiten
Schw--sch
Seehund--stehend
Seidl--seid
Seitenwegen--seinetwegen
Shawl--shaw
Sjögren--stören
Skitze--sitze
Skitzen--sitzen
Sogn--sohn
Sonntag-Nachmittag--sonntagnachmittag
Sossima--cosima
Speisezimmer--speisekammer
Sprechtag--sprecht
Staab--starb
Staatsbürgers--staatsbürger
Stadtteilen--stadtteil
Staretz--starten
Starez--suarez
Stickler--sticker
Stillschweigens--stillschweigen
Stoessl--stress
Str--sir
Straßer--straße
Striglin--strigoi
Suspens--susans
Sächs--sechs
Taeglich--täglich
Tagore--tage
Techn--tech
Tedesca--teresa
Telefoon--telefon
Telegramms--telegramm
Telgr--teuer
Tempski--temps
Tempsky--dempsey
Tesar--cesar
Theilnahme--teilnahme
Theos--theo
Thun--tun
Thätigkeit--tätigkeit
Thüre--there
Tir--wir
Tischlein--tischen
Tittel--mittel
Tl--tu
Tolstoij--tolstoi
Torschluss--vorschuss
Trackl--track
Trattenb--ratten
Trient--trent
Trin--drin
Trinitat--trinity
Turnschule--turnschuhe
Tyranei--tyrannei
Uebel--nebel
Uebereinstimmung--übereinstimmung
Uebernehmen--übernehmen
Ueberzahl--überzahl
Ueberzeugung--überzeugung
Uebrigens--übrigens
Uebung--umgebung
Uhland--hand
Ung--und
Uninformierten--uniformierten
Univ--uni
Urania--uran
Urgefühle--gefühle
VIIl--viel
Vapex--vater
Vaterlande--vaterland
Verbandzeug--verbandszeug
Verfuegung--verfügung
Veroeffentlichung--veröffentlichung
Vesuvs--vesuv
Vineta--vista
Vogesen--vorgehen
Vorallem--vollem
Waismann--wachmann
Waißmann--wachmann
Waldmark--waldemar
Wanicek--janice
Weinachten--weihnachten
Weinberger--weinberg
Weniget--weniger
Werkstaette--werkstatt
Widerwillen--widerwillig
Wiesenberg--heisenberg
Wismar--wilma
Wohlergehn--wohlergehen
Woletz--wollte
Wollheim--bellheim
Woltat--wohltat
Wounded--wunder
Wärmstens--ärmsten
Wörterb--wörter
Xxiii--iii
Zartgefühl--zeitgefühl
Zch--ich
Zeitaltern--zeitalter
Zimmermanns--zimmermann
Zirl--ziel
Zurechnungsfähigkeit--unzurechnungsfähigkeit
Zurücksetzung--zurücksetzen
Zusammenhand--zusammenhang
Zusammenstöße--zusammenstoß
Zwettl--wette
Zwinz--zwing
abgesendet--abgewendet
absendete--beendete
absit--bist
aenderten--anderen
ageo--age
allerliebste--allerliebst
allg--alle
allso--also
angeli--angela
angesch-n--angesehen
angiebst--angebot
ankahm--ankam
annum--anruf
anstaendig--anständig
anständigem--anständige
aquain--alain
arangiert--arrangiert
athmen--atmen
auf's--aufs
auf’s--aufs
ausgeschloßen--ausgeschlossen
ausserordentlich--außerordentlich
auszuersehen--auszusehen
auszuruhn--auszuruhen
balde--bald
baz--bar
behälst--behält
bemühn--bemühen
bereitwilligst--bereitwillig
beruehrte--verehrte
bestaetigte--bestätigte
bezw--bei
blos--los
blosse--bloss
blästige--belästige
bürgerl--bürger
cakes--takes
calceo--caleb
coelis--collins
coelo--cool
complizierten--komplizierten
corrig--carrie
corrigiert--korrigiert
coute--route
darauf-hin--daraufhin
darst--warst
debita--delta
denkfaul--denkmal
dereinst--vereint
dersticken--ersticken
diesesmal--diesmal
dimitte--dritte
dixere--diese
durch's--durchs
durchgraut--durchgekaut
dz--du
ehrenvoller--ehrenvolle
ein's--eines
ein-zwei--entzwei
eingehendst--eingehender
einpaar--ehepaar
einsmals--einmal
einwandfreie--einwandfrei
elem--clem
empfaende--empfinde
empfiel--empfiehlt
endgültiger--endgültige
entblöste--entblößt
entgehn--entgehen
erfreun--erfreut
ergebenst--ergeben
ergehn--ergehen
erhälst--erhält
erklaeren--erklären
erwaehnt--erwähnt
erwiedere--erwidern
erwiedert--erwidert
evt--eva
facias--alias
fragwürdiger--fragwürdige
freun--freund
freundl--freund
freundlichern--freundlicher
freundlichst--freundlich
freut's--freut
frühest--frühes
für's--fürs
gaenzlich--gänzlich
gebrau--gebräu
gegenwaertigen--gegenwärtigen
gegrüsst--geküsst
gegrüß--gegrüßt
gehts's--gehts
geht’s--gehts
geistreichen--gestrichen
gemüthlichen--gemütlichen
genoßen--großen
genuch--geruch
gequählt--gequält
gesammten--gesamten
gesch--gesuch
gescheidt--gescheit
gescheidter--gescheiter
geschlaften--geschlafen
geschloßen--geschlafen
geschmackvoller--geschmackvoll
gewuenscht--gewünscht
geäussert--geäußert
gieb--gib
giebt--gibt
gieng--ging
gienge--ginge
gleichgiltig--gleichgültig
gleichgueltig--gleichgültig
gloriae--gloria
glückwünschen--glückwünsche
groessten--grossen
gruss--gross
grüssend--grüssen
grüsst--grüsse
gutschreiben--aufschreiben
gährt--fährt
gütigst--gütiger
haelt--halt
hast's--hast
herzl--herz
herzlychn--herzlichen
heuter--heute
hierst--hier
hingewöhnt--angewöhnt
hinkommst--hinkommt
hinnieden--hinziehen
histor--history
hodie--howie
hoffnungsvoller--hoffnungsvolle
holländ--holland
humorvollen--humorvoll
häftig--heftig
häl--hol
in's--ins
indeß--indem
innigst--innig
insinnieren--inszenieren
insoferne--insofern
inständigst--inständig
interessiren--interessieren
interessirt--interessiert
inzwischn--inzwischen
kams--kam
katastrofal--katastrophal
kathol--kathy
kein’s--keins
klarlegen--darlegen
knopst--knast
komando--kommando
kundgeben--kundgebung
lautetete--lautete
lerweile--erteile
letzeres--letzteres
letzthin--letzten
leuteten--letzten
libera--liberal
liebenswürdigen--liebenswürdig
liebenswürdiger--liebenswürdig
liesest--ließest
lnteresse--interesse
lobensw--lebens
losgerungen--losgegangen
lotrecht--vorrecht
loß--los
luftlos--lautlos
längstens--längsten
malo--mal
manchesmal--manchmal
matematisches--mathematische
maximas--maximal
meißt--weißt
meißten--meisten
merito--mexiko
merk's--merken
mhd--mhm
mieß--ließ
mihi--mimi
misbrauchen--missbrauchen
misisti--misst
moeglich--möglich
monatelangem--monatelang
mortuus--morbus
muendliche--unendliche
myrrham--markham
mü--mr
müße--müde
naechste--nächste
natus--natur
nebst--lebst
neugeschrieben--zugeschrieben
nimmt's--nimmt
nm--um
noster--foster
nostris--norris
nostrum--notruf
notus--lotus
novi--nova
nächstens--nächsten
objectiv--objektiv
oesterreichische--österreichische
officiellen--offiziellen
okulte--kalte
operirt--operiert
ordinem--ordnen
pastores--pastor
propos--apropos
puer--euer
quand--quan
quibus--quintus
regelmässige--regelmäßige
regi--reg
regnum--regnet
reißaus--weitaus
religieusen--religiösen
resonet--regnet
riskiren--riskieren
rm--um
sag's--sags
saudumm--staudamm
scheinheilige--scheinheilig
scheints--scheint
scheusslich--scheußlich
scheusslichen--scheußlichen
schw--sch
schwehr--schwer
sehrjung--ehrung
sei’s--seins
sejen--sehen
sgesetzt--gesetzt
sicut--sicht
so-so--soso
steeren--sterben
sye--sie
sympatisch--sympathisch
tance--tante
teilnehmend--teilnehmen
telegra--telegramm
telephonisch--telefonisch
terre--terry
teueren--teuren
th--oh
thiefer--tiefer
thäten--täten
tibi--bibi
timere--tiere
trau's--traums
tua--tun
tuum--turm
tête--töte
uebrigen--umbringen
uebrigens--übrigens
umbrennt--brennt
umstaenden--umständen
unanständigen--unanständige
unanständiger--unanständige
unbürgerliche--bürgerliche
unerwünschten--unerwünschte
ung--und
ungemeinem--ungemein
ungemäß--gemäß
ungesehn--ungesehen
ungesichtet--angerichtet
unlebendig--lebendig
unternährt--unternehmt
vadis--vadim
verantwortungsvollere--verantwortungsvolle
vere--vera
vergang--vorgang
vergerben--vergeben
verhuellen--verhelfen
veroeffentlicht--veröffentlicht
verschweinert--verschleiert
verwant--verwandt
viechischen--griechischen
vielversprechender--vielversprechende
villeicht--vielleicht
vobis--nobis
voellig--völlig
vora--vor
vorneherein--vornherein
vorübergehn--vorübergehen
vorüberkommen--vorbeikommen
wards--ward
weidlich--weiblich
weils--weil
wenigst--wenigste
widerholen--wiederholen
wiederzusehn--wiederzusehen
wirrisch--tierisch
wishe--wisse
wochenlangem--wochenlang
wochenlanges--wochenlang
wohlfühle--wohlfühlen
wohlgetan--wehgetan
wohlwollenden--wohlwollend
wol--wo
woltätige--wohltätige
wärend--während
wärmstens--ärmsten
yeux--deux
zehnfach--zehnfache
zubeordert--beordert
zugestossen--zugestoßen
zugut--zugute
zumuthen--zumuten
zurueckschicken--zurückschicken
zurueckzuschicken--zurückzuschicken
zurückverwiesen--zurückgewiesen
zuverläßiger--zuverlässiger
zuwideres--zuwider
zw--zu
zwiscchen--zwischen
Ö--s
Österr--öfter
ßte--te
äusseren--unseren
äusserlich--äußerlich
österr--öfter
übele--übel
über's--übers
überflüssigen--überflüssige
überg--über
überlauten--überlaufen
überwies--überwiesen
Gyges--gegen
Makabäer--makaber
Aleph--flesh
Antiphones--antiphons
Benerva--geneva
Everyman's--everyman
Francis's--francis
Pilgrim's--pilgrims
Resurection--resurrection
at-home--ithome
Aleph--flesh
Allonal--alloa
Allthough--although
Allways--always
Ambrose's--ambrose
Amts--arts
Anscombe's--anscombe
Anscombes--anscombe
Aquitania--aquitanian
Argy--army
Atha--aha
Bachtins--yachting
Bacon's--bacons
Baile--bile
Barklays--barclays
Barkleys--barkley
Bismarck's--bismarck
Blodily--bodily
Bloode--blood
Bouwsma--poutsma
Bowsma--bows
Braithwaite's--braithwaites
Brandling--branding
Brittish--british
Burnaby--barnaby
Cann’t--cannon
Chrismas--christmas
Christmastide--christmastime
Claytons--clayton
Cliath--liath
Clin--colin
Co-ordinations--co-ordination
College‹--college
Colleton--collection
Congresso--congress
Couldn’t--couldnt
Council’s--councils
Coxeter--counter
Cz--ca
David's--davids
Davis's--davies
Delegazione--delegation
Dent's--dents
Determinables--determinable
Dictionaire--dictionnaire
Doesn't--don't
Doney--money
Don’t--dont
Drury's--drury
Drurys--drury
Eduards--edwards
Edward’s--edwards
Embassador--ambassador
Esser--essex
Ewing's--wings
Ewing’s--wings
Exactely--exactly
Fany--any
Ffennell--fennell
Francis's--francis
Frege's--frees
Freud's--freud
Frk--fry
Frohe--froze
Frøken--broken
Fttt--ttt
Gaudeif--gaudi
Geache's--teachers
Geach’s--reaches
Gilpatrick--kilpatrick
Gitta--gotta
Glostora--glosters
Goethe's--goethe
Goodalls--goodall
Goodstein--goldstein
Greenoge--greene
Grimm's--grimma
Gräfin--grain
Guent--guest
Guy's--guys
Guy’s--guys
Gwatkin--watkin
Hadshi--harsh
Hallein--hallin
Hanshaw--henshaw
Hardy’s--hardy
Harwood's--harwood
Hasbach--asbach
He'd--head
He'll--hell
He's--hers
Heaven's--heavens
Here's--heres
Hertz's--herts
Hijab--hijaz
Houten's--houten
I'ld--i'd
I'll--ill
I'm--ibm
I've--ive
Inglese--ingles
Isn't--n't
Isn’t--int
It'll--still
It's--its
It’s--its
I’d--id
I’ld--ild
I’ll--ill
I’m--ibm
I’ve--ive
James's--james
Jly--july
Joad’s--roads
John's--johns
Johnson's--johnsons
John’s--johns
Jolley--jolly
Jw--j.
Jänner--jenner
K10--k1
Kapitza--maritza
Katalogue--catalogue
Keaten--beaten
Kensingto--kensington
Keynes's--keynes
Kommandör--commander
Kröger--kruger
L-Ph--lips
Larousse--arouse
Lawrence's--lawrence
Lee's--let's
Leenane--teenage
Leonida--leonid
Lessing's--blessings
Life's--lifes
Linguage--language
Lyon's--lyons
Maiski--mask
Maisky--mainly
Margt--margot
Mariazell--marianella
Mary's--marys
Mauthner--mather
Maxl--mail
McLenan--mclean
Mch--much
Messr--mess
Mgt--met
Miller’s--millers
Mohamedan--mohammedan
Moore's--moores
Morgan's--morgans
Moskow--moscow
Mulkerrins--mulberries
Muscio--muccio
Musen--mused
Newman's--newman
Nogs--dogs
Nordre--order
Nourse’s--courses
Novum--ovum
O'Londons--londons
O'c--o'
Oberalm--overall
Offener--offender
Opernring--opening
Organum--organic
Ostende--ostend
Ostwalds--outwards
Pamflets--pamphlets
Pancet’s--lancets
Parigi--paris
Parkgasse--parkgate
Pate's--pates
Pattisson--pattison
Pepler--pepper
Pinsents--pinsent
Platting--planting
Pommern--pommery
Poste--post
Postexp--posters
Postmasters--postmaster
Prescott's--prescott
Pribram--program
Priesdey--presley
Provincia--provincial
Ramsey’s--ramseys
Redcross--redress
Registrary--registrar
Renvyle--revile
Reparto--report
Restante--restate
Rhees's--cheeses
Russell's--russells
Ryle's--rules
Ryle’s--rules
Sabbathical--sabbatical
Sartain--certain
Season's--seasons
Sedin--sedan
Shah's--shahs
She's--sheds
Shouldn't--wouldn't
Sierre--pierre
Skinner's--skinners
Sogns--signs
Soreley--sorely
Steden--sweden
Steeden--steepen
Stev--step
Stockert--stocker
Storey's--storeys
Swakeleys--wakeley
Taylor's--taylors
Term's--terms
Term’s--terms
Terr--term
That'll--that'
That's--thats
That’s--thats
There's--three's
They're--there
This'll--thistle
Thouless--topless
Tolstoy's--tolstoy
Tomorrow's--tomorrows
Tonio--tonic
Toulmin--toulon
Treen--green
Trondhjem--trondheim
Trubner--rubber
Ttft--tuft
Tttt--ttt
Ufficiali--official
Unesma--unesco
University's--university
V-day--d-day
Vestalin--stalin
Vienese--viennese
Villes--villas
Vinogradoff--vinogradov
Waisman--waismann
Waismann's--waismann
We've--weave
What's--whats
Whate'er--whatever
What’s--whats
Wheter--whether
Whewell's--whewell
Wisdom’s--wisdoms
Wittgensteins--wittgenstein
Wright's--wrights
Wrinch--wrench
Wyclif's--wycliffe
X-mas--xmas
Xmass--mass
You'll--doull
You're--you'se
You've--you'se
You’re--your
Züricher--richer
a-Pole--apple
a-pole--apple
a-typical--atypical
ab-Notation--annotation
absense--absence
absolutly--absolutely
accid--acid
accompli--accomplish
accur--occur
achievment--achievement
achievments--achievements
acy--any
adress--address
affecti--affect
affidavid--affidavit
affidavids--affidavits
affraid--afraid
affrayd--affray
after-taste--aftertaste
afternoon's--afternoons
aggreement--agreement
aining--mining
aleviate--alleviate
allmost--almost
allone--alone
allready--already
allri--alri
allright--alright
allthough--although
alltogether--altogether
allways--always
ank--and
annoied--annoyed
another's--another
anoyance--annoyance
anybodys--anybody
anything's--anything
apear--appear
apearance--appearance
appart--apart
applys--apply
apropriate--appropriate
aren't--arendt
aren’t--arendt
aricle--article
arrise--arise
arrisen--arisen
artikulate--articulate
asnd--and
at-all--at all
ation--action
ause--use
autorities--authorities
awfull--awful
ays--as
b-Pole--pole
b-indefinable--indefinable
b-pole--pole
beautifull--beautiful
bedmaker--beaker
beeing--being
begining--beginning
bequeathe--bequeathed
biger--bigger
black-outs--black-out
bloodyness--bloodless
boloney--bolney
brillante--brilliant
broadcastings--broadcasting
brother's--brothers
cann't--can't
cannt--canny
cann’t--cannon
can’t--cant
carcenoma--carcinoma
ceep--keep
certaine--certain
chageable--chargeable
chared--shared
child's--childs
circs--circus
climat--climate
coffe--coffee
combersome--cumbersome
combrous--cumbrous
comming--coming
comonly--commonly
comparativly--comparatively
complex-ity--complexity
concentr--concern
coppy--copy
copulae--copulate
coridor--corridor
corolary--coronary
correkt--correct
correkted--corrected
correktions--corrections
cors--cos
coudn’t--count
couldn’t--couldnt
couleur--colour
critisize--criticize
crystalize--crystallize
crystall--crystal
cter--cater
daies--dates
dalla--dallas
dasches--dashes
day’s--days
desided--decided
despensary--dispensary
destroied--destroyed
deterr--deter
develloped--developed
didn’t--didn't
dis-cussing--discussing
disagreable--disagreeable
disapointment--disappointment
discussiones--discussions
disgu--disk
dish-water--dishwater
disprooving--disproving
dn't--n't
doctor's--doctors
doesn't--don't
doesnt--does
don’t--dont
doubtfull--doubtful
ecception--exception
eet--get
embacy--embassy
embassadors--ambassadors
enjoied--enjoyed
enjoiment--enjoyment
enormoues--enormous
enson--benson
errecting--erecting
especialy--especially
everybody’s--everybody
exactely--exactly
exageration--exaggeration
excelentely--excellently
exept--except
explanned--explained
extreemely--extremely
facturers--lecturers
fairily--fairly
falshood--falsehood
finaly--final
finitism--linitis
fire-works--fireworks
flatt--flat
fns--fans
forei--fore
forg--for
fortnight's--fortnights
frontpage--frontage
fullfiled--fulfilled
funktions--functions
generall--general
generaly--general
geting--getting
ght--get
givin--given
goeth--goethe
gos--got
gratefull--grateful
guage--gauge
hadn't--haunt
hadn’t--haunt
hairoil--hairpin
hardish--parish
harm’s--harms
hasn't--haunt
hasn’t--haunt
haven't--havent
havenot--havent
haven’t--havent
havn't--haunt
he'd--head
he'ld--held
he'll--hell
he's--hers
healt--health
heare--here
heeps--helps
helpes--helped
her's--hers
hesitaon--hesitation
he’d--head
he’ld--held
he’ll--hell
he’s--hers
higgledypiggledy--higgledy-piggledy
holidaies--holidays
holyday--holiday
holydays--holidays
hopefull--hopefully
house-work--housework
icularly--jocularly
iculties--faculties
ienclose--enclose
illish--illich
imagin--imagine
immagine--imagine
immatriculation--matriculation
impr--imp
incured--injured
inferrence--inference
inspite--inspire
intension's--intentions
interuption--interruption
intollerable--intolerable
intoo--into
isn't--n't
isn’t--int
it'll--still
it's--its
ite--it
it’ll--still
it’s--its
jewelery--jewellery
joifull--joyful
kard--hard
keapt--kept
kit-bag--kitbag
l'or--d'or
lable--able
lenght--length
lenghty--lengthy
lerned--learned
letter's--letters
level-headedly--level-headed
likelyhood--likelihood
linguage--language
liquida--liquid
logikal--logical
long-windedly--long-winded
lotts--lots
lth--ltd
lustiges--justices
marow--marrow
mashine--machine
mayn't--magnet
mayn’t--magnet
mearely--merely
meen--been
meening--meeting
mendable--bendable
mind's--minds
moode--mood
morover--moreover
mudled--muddled
myne--mine
métal--metal
nately--namely
naturaly--natural
newpapers--newspapers
night’s--nights
nly--only
note-books--notebooks
nothing's--nothings
now-a-days--nowadays
oneanother--one another
one’s--ones
onkle--ankle
oportunity--opportunity
oposite--opposite
oppinion--opinion
opressive--oppressive
ordre--order
ose--one
ostendat--ostend
other's--others
otten--often
ough--ought
overjoied--overjoyed
paied--paid
pallace--palace
parsonish--parsons
people's--peoples
peoples's--peoples
personaly--personal
phantastic--fantastic
philosophysing--philosophising
phoilosophy--philosophy
pinx--pink
plastules--pastures
pleasentest--pleasantest
porter's--porters
post-cards--postcards
poste--post
preceeding--preceding
preferrably--preferably
premis--premise
prooved--proved
pull-over--pullover
purchassed--purchased
puting--putting
qu'il--quail
quaest--quest
qualcosa--qualcomm
quearies--queries
rappidly--rapidly
re-state--restate
reader's--readers
realy--really
recomendations--recommendations
recommendation's--recommendations
reconstrukt--reconstruct
recorlish--recordist
refering--referring
referr--refer
regrett--regret
repaied--replied
representatif--representative
restante--restate
retourn--return
richesse--richest
ridiculuos--ridiculous
roling--ruling
room's--rooms
room’s--rooms
roseleaf--roofleaf
rubish--rubbish
rythms--rhythms
saied--said
saies--sales
sanguin--sanguine
schould--should
seditive--sedative
selfcontradictory--self-contradictory
selfsuporting--self-supporting
servat--servant
shan't--shaft
shan’t--shaft
she'd--shed
she'll--shell
she's--sheds
she’ld--should
shouldn't--wouldn't
showd--show
showes--shows
shreeks--shrieks
shure--sure
sincer--since
sincerley--sincerely
sittingroom--sitting-room
smaler--smaller
smoothely--smoothly
soonish--spanish
soon‒--soon
speciallist--specialist
speeks--seeks
stayd--stay
stomack--stomach
strai--strain
strenously--strenuously
strucks--struck
strukture--structure
stupidish--stupidity
subject-predicate--subject/predicate
sun's--suns
sunshine's--sunshine
supol--upon
suport--support
supose--suppose
sweller--seller
symbolisation--symbolization
symbolisme--symbolism
takle--take
taway--away
teaparty--tea-party
telefoned--telephoned
temptat--tempted
term's--terms
th10--the
that'll--that'
that's--thats
that’s--thats
theese--these
theorys--theory
there's--three's
there’s--theres
they'd--they
they're--there
they’re--there
this'll--thistle
ths--the
tight-rope--tightrope
tiresom--tiresome
today's--todays
tomorrow's--tomorrows
totaly--total
travelleth--travelled
trys--try
tutilage--tutelage
type-scripts--typescripts
typewriten--typewriter
uldn't--wouldn't
unberable--unbearable
uncapable--incapable
underneeth--underneath
understandible--understandable
understandig--understanding
unenglish--un-english
uninteligible--unintelligible
universe”--universe
unlogically--logically
unpermissible--permissible
untangible--intangible
untill--until
unvain--unfair
usefull--useful
vac's--facts
valeur--valuer
verry--very
vitamines--vitamins
vollunteer--volunteer
waisted--waited
war-work--artwork
wasn't--wasnt
wasn’t--wasnt
we'll--well
we're--were
we've--weave
weat--what
weather's--weathers
week-day--weekday
week’s--weeks
whant--what
what's--whats
what’s--whats
whent--when
wheter--whether
who'ld--would
who'll--whole
who's--whos
whome--home
who’s--whos
won't--wont
wonderfull--wonderful
won’t--wont
work's--works
wouldn’t--wouldn't
year's--years
you'ld--you'd
you'll--doull
you're--you'se
you've--you'se
youre--your
yourney--journey
you’d--you'd
you’ld--would
you’ll--doull
you’re--your
you’ve--youse
été--to
